target,model,feature,importance,rank
human_performance,Random Forest,human_total_correct,72.19881439208984,1
human_performance,Random Forest,Workup Recommendation_human_correct,19.51593780517578,2
human_performance,Random Forest,Chronology Preserved_perf_diff,16.838523864746094,3
human_performance,Random Forest,total_agreements,9.638298988342285,4
human_performance,Random Forest,Chronology Preserved_human_correct,7.607931613922119,5
human_performance,Random Forest,ai_total_correct,4.891409873962402,6
human_performance,Random Forest,Unnamed: 0,4.582162380218506,7
human_performance,Random Forest,Accurate Clip Placement_human_correct,4.392935276031494,8
human_performance,Random Forest,Invasive Component Size (Pathology)_perf_diff,2.6385300159454346,9
human_performance,Random Forest,Accurate Clip Placement_perf_diff,2.1783287525177,10
human_performance,XGBoost,human_total_correct,9.865316390991211,1
human_performance,XGBoost,Lesion Size_human_correct,0.41144728660583496,2
human_performance,XGBoost,Unnamed: 0,0.14387185871601105,3
human_performance,XGBoost,Lymph Node_human_correct,0.00018310395535081625,4
human_performance,XGBoost,Lesion Location_human_correct,0.0001541705714771524,5
human_performance,Gradient Boosting,human_total_correct,9.838281631469727,1
human_performance,Gradient Boosting,Accurate Clip Placement_agreement,0.23491039872169495,2
human_performance,Gradient Boosting,Unnamed: 0,0.1917249858379364,3
human_performance,Gradient Boosting,Lesion Size_agreement,0.17033527791500092,4
human_performance,Gradient Boosting,ai_total_correct,0.07798446714878082,5
human_performance,Gradient Boosting,Workup Recommendation_human_correct,0.060262881219387054,6
human_performance,Gradient Boosting,total_agreements,0.05444476753473282,7
human_performance,Gradient Boosting,Workup Recommendation_agreement,0.04216212034225464,8
human_performance,Gradient Boosting,Receptor Status_agreement,0.0323917418718338,9
human_performance,Gradient Boosting,Invasive Component Size (Pathology)_human_correct,0.014483490958809853,10
ai_performance,Random Forest,ai_total_correct,39.90787124633789,1
ai_performance,Random Forest,human_total_correct,6.646296977996826,2
ai_performance,Random Forest,total_agreements,3.978445053100586,3
ai_performance,Random Forest,Lesion Location_agreement,2.728480339050293,4
ai_performance,Random Forest,Lesion Size_perf_diff,1.8315664529800415,5
ai_performance,Random Forest,Unnamed: 0,1.1298481225967407,6
ai_performance,Random Forest,Lesion Size_ai_correct,0.9332256317138672,7
ai_performance,Random Forest,Lesion Size_agreement,0.6098957657814026,8
ai_performance,Random Forest,Lesion Location_perf_diff,0.5290842056274414,9
ai_performance,Random Forest,Receptor Status_ai_correct,0.512253999710083,10
ai_performance,XGBoost,ai_total_correct,3.020174503326416,1
ai_performance,Gradient Boosting,ai_total_correct,4.200267314910889,1
ai_performance,Gradient Boosting,total_agreements,0.06267968565225601,2
ai_performance,Gradient Boosting,Lesion Size_agreement,0.05471990630030632,3
ai_performance,Gradient Boosting,Unnamed: 0,0.032469574362039566,4
ai_performance,Gradient Boosting,Workup Recommendation_agreement,0.010638048872351646,5
ai_performance,Gradient Boosting,Invasive Component Size (Pathology)_agreement,0.008548865094780922,6
ai_performance,Gradient Boosting,human_total_correct,0.005974078085273504,7
ai_performance,Gradient Boosting,Receptor Status_ai_correct,0.004612743854522705,8
ai_performance,Gradient Boosting,Lymph Node_agreement,0.003621577052399516,9
ai_performance,Gradient Boosting,Workup Recommendation_perf_diff,0.0027336443308740854,10
human_advantage,Random Forest,human_total_correct,27.830442428588867,1
human_advantage,Random Forest,total_agreements,21.02344512939453,2
human_advantage,Random Forest,Chronology Preserved_perf_diff,8.203088760375977,3
human_advantage,Random Forest,Chronology Preserved_human_correct,7.596096038818359,4
human_advantage,Random Forest,Lesion Size_perf_diff,5.1092529296875,5
human_advantage,Random Forest,Lesion Location_ai_correct,4.0899553298950195,6
human_advantage,Random Forest,Accurate Clip Placement_perf_diff,3.9152534008026123,7
human_advantage,Random Forest,Lesion Size_ai_correct,3.8109538555145264,8
human_advantage,Random Forest,Invasive Component Size (Pathology)_perf_diff,3.801339864730835,9
human_advantage,Random Forest,Accurate Clip Placement_human_correct,3.6213865280151367,10
human_advantage,XGBoost,human_total_correct,2.182548999786377,1
human_advantage,XGBoost,Lesion Location_ai_correct,0.5600787401199341,2
human_advantage,XGBoost,Workup Recommendation_human_correct,0.23442266881465912,3
human_advantage,XGBoost,ai_total_correct,0.15916851162910461,4
human_advantage,XGBoost,Lesion Size_ai_correct,0.15189708769321442,5
human_advantage,XGBoost,total_agreements,0.1215975433588028,6
human_advantage,XGBoost,Invasive Component Size (Pathology)_perf_diff,0.10798023641109467,7
human_advantage,XGBoost,Receptor Status_ai_correct,0.07917243987321854,8
human_advantage,XGBoost,Additional Enhancement (MRI)_agreement,0.06360360234975815,9
human_advantage,XGBoost,Lymph Node_perf_diff,0.062318913638591766,10
human_advantage,Gradient Boosting,human_total_correct,4.404916763305664,1
human_advantage,Gradient Boosting,ai_total_correct,1.7262459993362427,2
human_advantage,Gradient Boosting,total_agreements,0.4602050483226776,3
human_advantage,Gradient Boosting,Workup Recommendation_agreement,0.44516509771347046,4
human_advantage,Gradient Boosting,Unnamed: 0,0.33685094118118286,5
human_advantage,Gradient Boosting,Workup Recommendation_human_correct,0.28815674781799316,6
human_advantage,Gradient Boosting,Accurate Clip Placement_agreement,0.17066234350204468,7
human_advantage,Gradient Boosting,Receptor Status_perf_diff,0.09085765480995178,8
human_advantage,Gradient Boosting,Lymph Node_human_correct,0.07975833117961884,9
human_advantage,Gradient Boosting,Lymph Node_perf_diff,0.0713157206773758,10
agreement_rate,Random Forest,total_agreements,44.04963684082031,1
agreement_rate,Random Forest,human_total_correct,13.927787780761719,2
agreement_rate,Random Forest,Accurate Clip Placement_perf_diff,7.295194625854492,3
agreement_rate,Random Forest,Accurate Clip Placement_agreement,6.3689093589782715,4
agreement_rate,Random Forest,Accurate Clip Placement_human_correct,4.1936564445495605,5
agreement_rate,Random Forest,Chronology Preserved_perf_diff,3.7691195011138916,6
agreement_rate,Random Forest,Workup Recommendation_agreement,2.0082154273986816,7
agreement_rate,Random Forest,Chronology Preserved_agreement,1.748545527458191,8
agreement_rate,Random Forest,Lesion Size_perf_diff,1.6813323497772217,9
agreement_rate,Random Forest,Invasive Component Size (Pathology)_agreement,1.6080024242401123,10
agreement_rate,XGBoost,total_agreements,4.556178569793701,1
agreement_rate,XGBoost,Lesion Size_human_correct,1.0256595611572266,2
agreement_rate,XGBoost,human_total_correct,0.026834027841687202,3
agreement_rate,Gradient Boosting,total_agreements,3.932396173477173,1
agreement_rate,Gradient Boosting,Accurate Clip Placement_agreement,0.8912143707275391,2
agreement_rate,Gradient Boosting,human_total_correct,0.793236494064331,3
agreement_rate,Gradient Boosting,Lesion Size_agreement,0.41314980387687683,4
agreement_rate,Gradient Boosting,Unnamed: 0,0.10942457616329193,5
agreement_rate,Gradient Boosting,ai_total_correct,0.09309366345405579,6
agreement_rate,Gradient Boosting,Workup Recommendation_human_correct,0.03187550604343414,7
agreement_rate,Gradient Boosting,Receptor Status_agreement,0.02965700812637806,8
agreement_rate,Gradient Boosting,Workup Recommendation_agreement,0.023836003616452217,9
agreement_rate,Gradient Boosting,Lymph Node_human_correct,0.02006124146282673,10
